<?xml version='1.0' encoding='utf-8'?>
<project xmlns:ns1="http://www.plcopen.org/xml/tc6_0201" xmlns:xhtml="http://www.w3.org/1999/xhtml" xmlns:xsd="http://www.w3.org/2001/XMLSchema" xmlns="http://www.plcopen.org/xml/tc6_0201">
  <fileHeader companyName="OpenPLC" productName="Arduino Function Blocks Library" productVersion="1.0" creationDateTime="2021-11-11T02:33:11"/>
  <contentHeader name="Arduino Function Blocks" author="Thiago Alves" modificationDateTime="2021-11-11T02:33:11">
    <coordinateInfo>
      <fbd>
        <scaling x="0" y="0"/>
      </fbd>
      <ld>
        <scaling x="0" y="0"/>
      </ld>
      <sfc>
        <scaling x="0" y="0"/>
      </sfc>
    </coordinateInfo>
  </contentHeader>
  <types>
    <dataTypes/>
    <pous>
      <pou name="DS18B20" pouType="functionBlock">
        <interface>
          <inputVars>
            <variable name="PIN">
              <type>
                <SINT/>
              </type>
              <documentation>
                <xhtml:p><![CDATA[Arduino pin where sensor is connected to]]></xhtml:p>
              </documentation>
            </variable>
          </inputVars>
          <outputVars>
            <variable name="OUT">
              <type>
                <REAL/>
              </type>
              <documentation>
                <xhtml:p><![CDATA[Temperature output in Celsius]]></xhtml:p>
              </documentation>
            </variable>
          </outputVars>
        </interface>
        <body>
          <ST>
            <xhtml:p><![CDATA[OUT := 0.0;]]></xhtml:p>
          </ST>
        </body>
        <documentation>
          <xhtml:p><![CDATA[Reads temperature from one DS18B20 one-wire sensor connected to the pin specified in PIN]]></xhtml:p>
        </documentation>
      </pou>
      <pou name="DS18B20_2_OUT" pouType="functionBlock">
        <interface>
          <inputVars>
            <variable name="PIN">
              <type>
                <SINT/>
              </type>
              <documentation>
                <xhtml:p><![CDATA[Arduino pin where sensor is connected to]]></xhtml:p>
              </documentation>
            </variable>
          </inputVars>
          <outputVars>
            <variable name="OUT_0">
              <type>
                <REAL/>
              </type>
              <documentation>
                <xhtml:p><![CDATA[Temperature output in Celsius]]></xhtml:p>
              </documentation>
            </variable>
            <variable name="OUT_1">
              <type>
                <REAL/>
              </type>
              <documentation>
                <xhtml:p><![CDATA[Temperature output in Celsius]]></xhtml:p>
              </documentation>
            </variable>
          </outputVars>
        </interface>
        <body>
          <ST>
            <xhtml:p><![CDATA[OUT := 0.0;]]></xhtml:p>
          </ST>
        </body>
        <documentation>
          <xhtml:p><![CDATA[Reads temperature from two DS18B20 one-wire sensors. Both sensors must be on the same bus connected to the pin specified in PIN]]></xhtml:p>
        </documentation>
      </pou>
      <pou name="DS18B20_3_OUT" pouType="functionBlock">
        <interface>
          <inputVars>
            <variable name="PIN">
              <type>
                <SINT/>
              </type>
              <documentation>
                <xhtml:p><![CDATA[Arduino pin where sensor is connected to]]></xhtml:p>
              </documentation>
            </variable>
          </inputVars>
          <outputVars>
            <variable name="OUT_0">
              <type>
                <REAL/>
              </type>
              <documentation>
                <xhtml:p><![CDATA[Temperature output in Celsius]]></xhtml:p>
              </documentation>
            </variable>
            <variable name="OUT_1">
              <type>
                <REAL/>
              </type>
              <documentation>
                <xhtml:p><![CDATA[Temperature output in Celsius]]></xhtml:p>
              </documentation>
            </variable>
            <variable name="OUT_2">
              <type>
                <REAL/>
              </type>
              <documentation>
                <xhtml:p><![CDATA[Temperature output in Celsius]]></xhtml:p>
              </documentation>
            </variable>
          </outputVars>
        </interface>
        <body>
          <ST>
            <xhtml:p><![CDATA[OUT := 0.0;]]></xhtml:p>
          </ST>
        </body>
        <documentation>
          <xhtml:p><![CDATA[Reads temperature from three DS18B20 one-wire sensors. All sensors must be on the same bus connected to the pin specified in PIN]]></xhtml:p>
        </documentation>
      </pou>
      <pou name="DS18B20_4_OUT" pouType="functionBlock">
        <interface>
          <inputVars>
            <variable name="PIN">
              <type>
                <SINT/>
              </type>
              <documentation>
                <xhtml:p><![CDATA[Arduino pin where sensor is connected to]]></xhtml:p>
              </documentation>
            </variable>
          </inputVars>
          <outputVars>
            <variable name="OUT_0">
              <type>
                <REAL/>
              </type>
              <documentation>
                <xhtml:p><![CDATA[Temperature output in Celsius]]></xhtml:p>
              </documentation>
            </variable>
            <variable name="OUT_1">
              <type>
                <REAL/>
              </type>
              <documentation>
                <xhtml:p><![CDATA[Temperature output in Celsius]]></xhtml:p>
              </documentation>
            </variable>
            <variable name="OUT_2">
              <type>
                <REAL/>
              </type>
              <documentation>
                <xhtml:p><![CDATA[Temperature output in Celsius]]></xhtml:p>
              </documentation>
            </variable>
            <variable name="OUT_3">
              <type>
                <REAL/>
              </type>
              <documentation>
                <xhtml:p><![CDATA[Temperature output in Celsius]]></xhtml:p>
              </documentation>
            </variable>
          </outputVars>
        </interface>
        <body>
          <ST>
            <xhtml:p><![CDATA[OUT := 0.0;]]></xhtml:p>
          </ST>
        </body>
        <documentation>
          <xhtml:p><![CDATA[Reads temperature from four DS18B20 one-wire sensors. All sensors must be on the same bus connected to the pin specified in PIN]]></xhtml:p>
        </documentation>
      </pou>
      <pou name="DS18B20_5_OUT" pouType="functionBlock">
        <interface>
          <inputVars>
            <variable name="PIN">
              <type>
                <SINT/>
              </type>
              <documentation>
                <xhtml:p><![CDATA[Arduino pin where sensor is connected to]]></xhtml:p>
              </documentation>
            </variable>
          </inputVars>
          <outputVars>
            <variable name="OUT_0">
              <type>
                <REAL/>
              </type>
              <documentation>
                <xhtml:p><![CDATA[Temperature output in Celsius]]></xhtml:p>
              </documentation>
            </variable>
            <variable name="OUT_1">
              <type>
                <REAL/>
              </type>
              <documentation>
                <xhtml:p><![CDATA[Temperature output in Celsius]]></xhtml:p>
              </documentation>
            </variable>
            <variable name="OUT_2">
              <type>
                <REAL/>
              </type>
              <documentation>
                <xhtml:p><![CDATA[Temperature output in Celsius]]></xhtml:p>
              </documentation>
            </variable>
            <variable name="OUT_3">
              <type>
                <REAL/>
              </type>
              <documentation>
                <xhtml:p><![CDATA[Temperature output in Celsius]]></xhtml:p>
              </documentation>
            </variable>
            <variable name="OUT_4">
              <type>
                <REAL/>
              </type>
              <documentation>
                <xhtml:p><![CDATA[Temperature output in Celsius]]></xhtml:p>
              </documentation>
            </variable>
          </outputVars>
        </interface>
        <body>
          <ST>
            <xhtml:p><![CDATA[OUT := 0.0;]]></xhtml:p>
          </ST>
        </body>
        <documentation>
          <xhtml:p><![CDATA[Reads temperature from five DS18B20 one-wire sensors. All sensors must be on the same bus connected to the pin specified in PIN]]></xhtml:p>
        </documentation>
      </pou>
      <pou name="CLOUD_ADD_BOOL" pouType="functionBlock">
        <interface>
          <inputVars>
            <variable name="VAR_NAME"><type><string/></type></variable>
            <variable name="BOOL_VAR"><type><BOOL/></type></variable>
          </inputVars>
        </interface>
        <body>
          <ST>
            <xhtml:p><![CDATA[SSID := SSID;]]></xhtml:p>
          </ST>
        </body>
        <documentation>
          <xhtml:p><![CDATA[Add a BOOL variable to sync with the Arduino Cloud. VAR_NAME must have the same name as the variable set up in the Arduino IoT Cloud]]></xhtml:p>
        </documentation>
      </pou>
      <pou name="CLOUD_ADD_INT" pouType="functionBlock">
        <interface>
          <inputVars>
            <variable name="VAR_NAME"><type><string/></type></variable>
            <variable name="INT_VAR"><type><INT/></type></variable>
          </inputVars>
        </interface>
        <body>
          <ST>
            <xhtml:p><![CDATA[SSID := SSID;]]></xhtml:p>
          </ST>
        </body>
        <documentation>
          <xhtml:p><![CDATA[Add an INT variable to sync with the Arduino Cloud. VAR_NAME must have the same name as the variable set up in the Arduino IoT Cloud]]></xhtml:p>
        </documentation>
      </pou>
      <pou name="CLOUD_ADD_REAL" pouType="functionBlock">
        <interface>
          <inputVars>
            <variable name="VAR_NAME"><type><string/></type></variable>
            <variable name="REAL_VAR"><type><REAL/></type></variable>
          </inputVars>
        </interface>
        <body>
          <ST>
            <xhtml:p><![CDATA[SSID := SSID;]]></xhtml:p>
          </ST>
        </body>
        <documentation>
          <xhtml:p><![CDATA[Add a REAL variable to sync with the Arduino Cloud. VAR_NAME must have the same name as the variable set up in the Arduino IoT Cloud]]></xhtml:p>
        </documentation>
      </pou>
      <pou name="CLOUD_BEGIN" pouType="functionBlock">
        <interface>
          <inputVars>
            <variable name="THING_ID"><type><string/></type></variable>
            <variable name="SSID"><type><string/></type></variable>
            <variable name="PASS"><type><string/></type></variable>
          </inputVars>
        </interface>
        <body>
          <ST>
            <xhtml:p><![CDATA[SSID := SSID;]]></xhtml:p>
          </ST>
        </body>
        <documentation>
          <xhtml:p><![CDATA[Setup and initialize Arduino Cloud communication. All variables (properties) must have been added before this block is called.]]></xhtml:p>
        </documentation>
      </pou>
    </pous>
  </types>
  <instances>
    <configurations/>
  </instances>
</project>
