// Programs
0;CONFIG0.RES0.INSTANCE0;PROGRAM0;

// Variables
0;FB;CONFIG0.RES0.INSTANCE0;CONFIG0.RES0.INSTANCE0;PROGRAM0;;
1;FB;CONFIG0.RES0.INSTANCE0.TON0;CONFIG0.RES0.INSTANCE0.TON0;TON;;
2;VAR;CONFIG0.RES0.INSTANCE0.TON0.EN;CONFIG0.RES0.INSTANCE0.TON0.EN;BOOL;BOOL;
3;VAR;CONFIG0.RES0.INSTANCE0.TON0.ENO;CONFIG0.RES0.INSTANCE0.TON0.ENO;BOOL;BOOL;
4;VAR;CONFIG0.RES0.INSTANCE0.TON0.IN;CONFIG0.RES0.INSTANCE0.TON0.IN;BOOL;BOOL;
5;VAR;CONFIG0.RES0.INSTANCE0.TON0.PT;CONFIG0.RES0.INSTANCE0.TON0.PT;TIME;TIME;
6;VAR;CONFIG0.RES0.INSTANCE0.TON0.Q;CONFIG0.RES0.INSTANCE0.TON0.Q;BOOL;BOOL;
7;VAR;CONFIG0.RES0.INSTANCE0.TON0.ET;CONFIG0.RES0.INSTANCE0.TON0.ET;TIME;TIME;
8;VAR;CONFIG0.RES0.INSTANCE0.TON0.STATE;CONFIG0.RES0.INSTANCE0.TON0.STATE;SINT;SINT;
9;VAR;CONFIG0.RES0.INSTANCE0.TON0.PREV_IN;CONFIG0.RES0.INSTANCE0.TON0.PREV_IN;BOOL;BOOL;
10;VAR;CONFIG0.RES0.INSTANCE0.TON0.CURRENT_TIME;CONFIG0.RES0.INSTANCE0.TON0.CURRENT_TIME;TIME;TIME;
11;VAR;CONFIG0.RES0.INSTANCE0.TON0.START_TIME;CONFIG0.RES0.INSTANCE0.TON0.START_TIME;TIME;TIME;
12;OUT;CONFIG0.RES0.INSTANCE0.BLINKY;CONFIG0.RES0.INSTANCE0.BLINKY;BOOL;BOOL;
13;FB;CONFIG0.RES0.INSTANCE0.TOF0;CONFIG0.RES0.INSTANCE0.TOF0;TOF;;
14;VAR;CONFIG0.RES0.INSTANCE0.TOF0.EN;CONFIG0.RES0.INSTANCE0.TOF0.EN;BOOL;BOOL;
15;VAR;CONFIG0.RES0.INSTANCE0.TOF0.ENO;CONFIG0.RES0.INSTANCE0.TOF0.ENO;BOOL;BOOL;
16;VAR;CONFIG0.RES0.INSTANCE0.TOF0.IN;CONFIG0.RES0.INSTANCE0.TOF0.IN;BOOL;BOOL;
17;VAR;CONFIG0.RES0.INSTANCE0.TOF0.PT;CONFIG0.RES0.INSTANCE0.TOF0.PT;TIME;TIME;
18;VAR;CONFIG0.RES0.INSTANCE0.TOF0.Q;CONFIG0.RES0.INSTANCE0.TOF0.Q;BOOL;BOOL;
19;VAR;CONFIG0.RES0.INSTANCE0.TOF0.ET;CONFIG0.RES0.INSTANCE0.TOF0.ET;TIME;TIME;
20;VAR;CONFIG0.RES0.INSTANCE0.TOF0.STATE;CONFIG0.RES0.INSTANCE0.TOF0.STATE;SINT;SINT;
21;VAR;CONFIG0.RES0.INSTANCE0.TOF0.PREV_IN;CONFIG0.RES0.INSTANCE0.TOF0.PREV_IN;BOOL;BOOL;
22;VAR;CONFIG0.RES0.INSTANCE0.TOF0.CURRENT_TIME;CONFIG0.RES0.INSTANCE0.TOF0.CURRENT_TIME;TIME;TIME;
23;VAR;CONFIG0.RES0.INSTANCE0.TOF0.START_TIME;CONFIG0.RES0.INSTANCE0.TOF0.START_TIME;TIME;TIME;
24;FB;CONFIG0.RES0.INSTANCE0.P1AM_INIT0;CONFIG0.RES0.INSTANCE0.P1AM_INIT0;P1AM_INIT;;
25;VAR;CONFIG0.RES0.INSTANCE0.P1AM_INIT0.EN;CONFIG0.RES0.INSTANCE0.P1AM_INIT0.EN;BOOL;BOOL;
26;VAR;CONFIG0.RES0.INSTANCE0.P1AM_INIT0.ENO;CONFIG0.RES0.INSTANCE0.P1AM_INIT0.ENO;BOOL;BOOL;
27;VAR;CONFIG0.RES0.INSTANCE0.P1AM_INIT0.INIT;CONFIG0.RES0.INSTANCE0.P1AM_INIT0.INIT;BOOL;BOOL;
28;VAR;CONFIG0.RES0.INSTANCE0.P1AM_INIT0.SUCCESS;CONFIG0.RES0.INSTANCE0.P1AM_INIT0.SUCCESS;SINT;SINT;
29;OUT;CONFIG0.RES0.INSTANCE0.INIT_MODULES;CONFIG0.RES0.INSTANCE0.INIT_MODULES;INT;INT;
30;FB;CONFIG0.RES0.INSTANCE0.P1_16TR0;CONFIG0.RES0.INSTANCE0.P1_16TR0;P1_16TR;;
31;VAR;CONFIG0.RES0.INSTANCE0.P1_16TR0.EN;CONFIG0.RES0.INSTANCE0.P1_16TR0.EN;BOOL;BOOL;
32;VAR;CONFIG0.RES0.INSTANCE0.P1_16TR0.ENO;CONFIG0.RES0.INSTANCE0.P1_16TR0.ENO;BOOL;BOOL;
33;VAR;CONFIG0.RES0.INSTANCE0.P1_16TR0.SLOT;CONFIG0.RES0.INSTANCE0.P1_16TR0.SLOT;SINT;SINT;
34;VAR;CONFIG0.RES0.INSTANCE0.P1_16TR0.O1;CONFIG0.RES0.INSTANCE0.P1_16TR0.O1;BOOL;BOOL;
35;VAR;CONFIG0.RES0.INSTANCE0.P1_16TR0.O2;CONFIG0.RES0.INSTANCE0.P1_16TR0.O2;BOOL;BOOL;
36;VAR;CONFIG0.RES0.INSTANCE0.P1_16TR0.O3;CONFIG0.RES0.INSTANCE0.P1_16TR0.O3;BOOL;BOOL;
37;VAR;CONFIG0.RES0.INSTANCE0.P1_16TR0.O4;CONFIG0.RES0.INSTANCE0.P1_16TR0.O4;BOOL;BOOL;
38;VAR;CONFIG0.RES0.INSTANCE0.P1_16TR0.O5;CONFIG0.RES0.INSTANCE0.P1_16TR0.O5;BOOL;BOOL;
39;VAR;CONFIG0.RES0.INSTANCE0.P1_16TR0.O6;CONFIG0.RES0.INSTANCE0.P1_16TR0.O6;BOOL;BOOL;
40;VAR;CONFIG0.RES0.INSTANCE0.P1_16TR0.O7;CONFIG0.RES0.INSTANCE0.P1_16TR0.O7;BOOL;BOOL;
41;VAR;CONFIG0.RES0.INSTANCE0.P1_16TR0.O8;CONFIG0.RES0.INSTANCE0.P1_16TR0.O8;BOOL;BOOL;
42;VAR;CONFIG0.RES0.INSTANCE0.P1_16TR0.O9;CONFIG0.RES0.INSTANCE0.P1_16TR0.O9;BOOL;BOOL;
43;VAR;CONFIG0.RES0.INSTANCE0.P1_16TR0.O10;CONFIG0.RES0.INSTANCE0.P1_16TR0.O10;BOOL;BOOL;
44;VAR;CONFIG0.RES0.INSTANCE0.P1_16TR0.O11;CONFIG0.RES0.INSTANCE0.P1_16TR0.O11;BOOL;BOOL;
45;VAR;CONFIG0.RES0.INSTANCE0.P1_16TR0.O12;CONFIG0.RES0.INSTANCE0.P1_16TR0.O12;BOOL;BOOL;
46;VAR;CONFIG0.RES0.INSTANCE0.P1_16TR0.O13;CONFIG0.RES0.INSTANCE0.P1_16TR0.O13;BOOL;BOOL;
47;VAR;CONFIG0.RES0.INSTANCE0.P1_16TR0.O14;CONFIG0.RES0.INSTANCE0.P1_16TR0.O14;BOOL;BOOL;
48;VAR;CONFIG0.RES0.INSTANCE0.P1_16TR0.O15;CONFIG0.RES0.INSTANCE0.P1_16TR0.O15;BOOL;BOOL;
49;VAR;CONFIG0.RES0.INSTANCE0.P1_16TR0.O16;CONFIG0.RES0.INSTANCE0.P1_16TR0.O16;BOOL;BOOL;
50;VAR;CONFIG0.RES0.INSTANCE0.P1_16TR0.DUMMY;CONFIG0.RES0.INSTANCE0.P1_16TR0.DUMMY;SINT;SINT;
51;FB;CONFIG0.RES0.INSTANCE0.P1_08N0;CONFIG0.RES0.INSTANCE0.P1_08N0;P1_08N;;
52;VAR;CONFIG0.RES0.INSTANCE0.P1_08N0.EN;CONFIG0.RES0.INSTANCE0.P1_08N0.EN;BOOL;BOOL;
53;VAR;CONFIG0.RES0.INSTANCE0.P1_08N0.ENO;CONFIG0.RES0.INSTANCE0.P1_08N0.ENO;BOOL;BOOL;
54;VAR;CONFIG0.RES0.INSTANCE0.P1_08N0.SLOT;CONFIG0.RES0.INSTANCE0.P1_08N0.SLOT;SINT;SINT;
55;VAR;CONFIG0.RES0.INSTANCE0.P1_08N0.I1;CONFIG0.RES0.INSTANCE0.P1_08N0.I1;BOOL;BOOL;
56;VAR;CONFIG0.RES0.INSTANCE0.P1_08N0.I2;CONFIG0.RES0.INSTANCE0.P1_08N0.I2;BOOL;BOOL;
57;VAR;CONFIG0.RES0.INSTANCE0.P1_08N0.I3;CONFIG0.RES0.INSTANCE0.P1_08N0.I3;BOOL;BOOL;
58;VAR;CONFIG0.RES0.INSTANCE0.P1_08N0.I4;CONFIG0.RES0.INSTANCE0.P1_08N0.I4;BOOL;BOOL;
59;VAR;CONFIG0.RES0.INSTANCE0.P1_08N0.I5;CONFIG0.RES0.INSTANCE0.P1_08N0.I5;BOOL;BOOL;
60;VAR;CONFIG0.RES0.INSTANCE0.P1_08N0.I6;CONFIG0.RES0.INSTANCE0.P1_08N0.I6;BOOL;BOOL;
61;VAR;CONFIG0.RES0.INSTANCE0.P1_08N0.I7;CONFIG0.RES0.INSTANCE0.P1_08N0.I7;BOOL;BOOL;
62;VAR;CONFIG0.RES0.INSTANCE0.P1_08N0.I8;CONFIG0.RES0.INSTANCE0.P1_08N0.I8;BOOL;BOOL;
63;VAR;CONFIG0.RES0.INSTANCE0.SINT_TO_INT11_OUT;CONFIG0.RES0.INSTANCE0.SINT_TO_INT11_OUT;INT;INT;


// Ticktime
20000000
